class_id,class_name,rare8,selected-ensemble-multiscale-flip,winner-multiscale-flip,winner-seeds-equal,winner-single,cross-winner75,selected-ensemble-flip,winner-window,winner-flip,cross-equal,cross-runner75,runner-single
0,Road,False,95.07036199140681,95.04950327274258,94.9581681012467,94.8133442213353,94.94768274031946,95.01443304494148,94.51874124457021,94.93842794949984,96.09138943684542,95.69302887679329,95.42798574416769
1,Sidewalk,False,78.45198700294591,78.4073657092199,78.17653708519414,77.35564823294128,77.69286191196497,77.93882701002836,76.93514939188697,77.29487291440203,83.09773113431277,81.38685685809007,80.80911974576472
2,Parking Lot,False,39.72695095230069,32.49916490368555,27.120792079207924,28.41318117134965,25.406091370558375,16.976284584980235,30.146159831054796,14.383253722955885,11.962968320555476,11.277775293959852,10.920508500536071
3,Soil,False,78.93776556376314,78.8163492448534,76.89278682656166,76.20518984370574,77.76948493369535,78.261379585688,75.91147094460905,76.84262978593583,77.28803851514812,75.00387076543161,73.79702689911474
4,Pedestrian,False,69.2168918670152,68.03835616438356,67.00724239902254,65.87632447455272,65.57173955365202,67.39762690694977,64.49961076031485,66.14520586776274,60.21798848028356,52.29751444493829,49.37176644493718
5,Driver,True,71.0758377425044,70.46274038461539,72.01037364326194,73.91141141141141,74.19385076865392,72.73610571317528,54.641669186573935,75.14042223513461,70.80658665922411,66.40993113446902,65.08021869678228
6,Car,False,91.69163356359246,91.57335587200033,91.06383655467086,91.25526629073015,91.27881752445768,91.20999268982615,89.08365386154247,90.90129861279702,89.95739749196431,88.21815462002532,87.47310911242458
7,Truck,False,72.46600714530244,68.56503956906298,68.77588510354042,69.57640488302836,68.84499113069114,69.44911973608913,60.38298638024582,67.10742591176135,66.69540470410982,64.07259716265811,63.61011010594472
8,Bus,False,75.50537725643255,80.8185140615947,79.4950089383862,80.41464686241666,78.63933022759365,79.36128321783335,75.37320063977253,78.1908274820016,78.73985182556231,77.14301345880294,76.51278478670251
9,Motorcycle,False,63.700328352208004,62.863698334053794,69.61133159983576,71.52706669397229,71.70756821692123,64.15731855656169,67.35931006468144,66.73647941087052,68.76747902516979,63.82689080951024,61.71141672123991
10,Bicycle,True,15.85579278963948,15.963750435691878,20.158511371467952,17.628865979381445,17.56198347107438,18.793342579750348,17.95834755889382,16.068316486580688,31.283244680851062,31.781178769130573,30.966912945711535
11,Traffic Light,True,44.850187265917604,47.1461716937355,44.82117974918718,44.34348023625625,45.018115942028984,43.19664492078285,42.61183913239946,41.42011834319527,43.05129329241561,39.45469125902165,37.11379050489826
12,Traffic Sign,True,43.08907415533129,41.469933184855236,44.76386036960985,43.48730753225135,42.917547568710354,43.317776834959695,43.00986842105263,41.367373431414975,33.77795213809337,29.43476715250622,28.209517288599795
13,Pole,False,61.559432173137,61.65092881914638,59.957768690027535,59.51958500816177,58.933245208195636,60.075695443483866,58.179394891540205,60.0566888950269,52.79375513557929,41.62329182836439,37.367195078739016
14,Garbage Box,False,57.48462337247384,59.526867464887935,54.35869607349122,53.781321184510254,55.81505257768501,56.903376018626304,58.7484294573015,55.60776459713449,57.178980640063216,56.227935533384496,55.2863436123348
15,Sitting Bench,True,70.25065963060686,69.42759166446848,67.231866505181,69.06982942430704,68.63905325443787,67.86050895381716,68.65632738172813,70.05557814829876,65.82670799083682,60.729641693811075,58.56793932382054
16,Infrastructure Cover,False,75.63165493593215,76.22542892853085,74.76145889067237,74.18688349773393,74.91145483075543,75.15627790676906,72.37366207525757,75.36543325946322,73.3929331630481,69.51566342350048,67.78036452106797
17,Infrastructure Box,False,65.28101574548975,64.0913921360255,61.79318751269724,62.140198722982895,63.4469362528695,61.38550352790249,64.05360489374492,62.46060096658962,61.26119592413968,54.79039845047039,53.28857221156481
18,Parking Barrier,False,54.82931269913518,55.228699551569505,51.767805541390445,51.89811413176586,50.98579782790309,52.072226999140156,52.88102580749878,52.13682361796437,42.54071661237785,33.25244401303474,29.335745670715944
19,Building,False,94.37889573045545,94.3207373806306,94.05853671909223,93.85780240156252,93.89858846287419,94.19146887007473,93.59758723826744,94.0410903972454,93.15922134570386,91.59870527902292,90.92524765515063
20,Wall,False,70.85384373690825,70.1500708321874,69.17041545040895,68.35751371747344,68.7089312869794,69.6826505276226,67.91975117587664,69.09302940866719,68.62596404343677,66.51453119373137,65.3626549867281
21,Fence,False,63.573054695012274,63.87445162195227,62.580243017509886,63.049223846668845,63.26096583228453,63.11420343604269,61.66147434653374,63.103766059770614,61.094002523228596,58.43597875455057,57.58322564205238
22,Stairs,False,13.915196664585562,17.561567240883114,12.725469728601253,12.541392750041517,11.494425729868462,12.68636344546638,31.48897564754692,12.205649347101568,10.750015998634783,10.901437708413054,10.921708145916044
23,Railing,True,11.227839789888378,6.562354040168146,6.108949416342412,0.38430185163619424,0.28564627469650083,5.789782736347622,3.0247876581729933,1.268450184501845,9.238113670085802,14.871461112918972,15.863427445830597
24,Overpass,True,0.0,0.0,0.0,0.0,0.0,0.0,0.0,0.0,0.0,0.0,0.0
25,Water Surface,False,91.2379461806432,90.61465780764469,89.97098839535815,88.91055934788588,89.37620611012255,90.43288741920938,88.00880088008802,89.37653608867933,89.2411890129186,87.52209085252022,86.40793509448896
26,Sky,False,98.87538367912951,98.86450621010925,98.78843267341604,98.75512290012968,98.73968993322119,98.81039921319605,98.68855486069617,98.78676400264484,98.32583644348864,97.51178407646887,97.17462385550995
27,Tree,False,81.73035129163377,81.71179956492387,81.20236915827266,81.10582160047572,81.11161888980581,81.19825201327681,80.9372865041133,81.04016157764448,79.63042432422048,76.38394587919373,74.79414548775158
28,Grass,False,67.13482673308985,67.58563647194448,66.77689976632234,66.97034129778883,67.04180942971854,66.7990359519974,67.68681512308906,67.19045158448466,65.49126264725125,63.290379862260934,62.22310267636046
29,Pruned Tree,True,0.0,0.0,0.0,0.0,0.0,0.0,0.0,0.0,0.0,0.0,0.0
30,Operator and Shadow,False,40.23264875550022,39.72032998602596,36.90790059051891,38.08737790216497,38.48972129110898,37.91516630202605,37.61904015161868,38.19425667801035,35.60295304159893,37.2420646378318,36.34025528672128
31,Void,False,92.65397340630224,92.67667949530248,92.2386795035928,92.0253116416493,92.18190906251309,92.42994459228882,92.27310769568346,92.29225160320959,91.76909514948684,91.19150502103638,90.35179595303825
