candidate,seed,miou_percent,mf1_percent,rare8_miou_percent,train_seconds,val_seconds,train_peak_vram_gib,best_epoch
eomt_dinov3_vit_large,42,57.56528588202408,68.51537641590785,26.842555225023023,601.3782972740592,22.82154884294141,10.578383445739746,12
dinov3_vit_large_linear,42,52.151272791451134,63.56591007181358,24.84115387829897,609.213132767065,18.81147375301225,5.711235046386719,10
mask2former_swin_large_source_optimizer,42,51.92570106370861,62.8849787734677,15.590693876601005,580.2527680759667,28.883911492943298,9.359052181243896,12
dinov3_vit_base_linear,42,49.10987560896211,60.29961158973896,21.979246256167933,593.9470907021314,9.203418436052743,1.9945197105407715,11
upernet_convnext_large_source_scalar,42,48.783865483011404,59.043049125136314,13.314182627674533,589.802642665978,19.718734808906447,9.588335990905762,20
upernet_swin_large,42,46.87605503768755,56.32343175495074,5.8020892543598395,582.4647284870152,23.523377554956824,13.053093433380127,17
segformer_mit_b2_headlr10,42,46.220580486346265,56.780439990749755,12.502044594197285,599.7260874903295,9.07540375890676,4.090299606323242,64
segformer_mit_b5_transformers_headlr10,42,45.742449087322605,55.96188204711514,7.523708985243519,600.5327110561193,18.42558211600408,6.020708084106445,18
deeplabv3plus_resnet50,42,42.30566432768041,51.53875829930694,5.057412320336999,610.8375508273602,9.036825456947554,2.4294300079345703,92
