variant,miou_percent,mf1_percent,rare8_miou_percent,84_image_prediction_seconds,inference_peak_vram_gib
selected-ensemble-multiscale-flip,60.95277671463386,71.16467230461147,32.043673921736,81.72337381902616,2.69577693939209
winner-multiscale-flip,60.67086381396549,70.82765090228992,31.37906767544183,16.77106622600695,2.69577693939209
winner-seeds-equal,59.85172442044026,70.09302560085146,31.886842631881297,51.817957827996,2.3163366317749023
winner-single,59.670276220633475,69.71791281443669,31.103149554405462,7.847820839029737,2.317317008972168
cross-winner75,59.65222242548004,69.62428800499433,31.077024659950247,34.72411050397204,2.3163366317749023
selected-ensemble-flip,59.5098087105892,69.59455051795892,31.46177021735412,56.948540056997444,2.3851003646850586
winner-window,59.069707287698606,69.80895245523094,28.737854917352625,13.681247881031595,1.9094247817993164
winner-flip,59.025373392835924,68.93018280833611,30.665032353640765,8.341240210982505,2.385067939758301
cross-equal,58.364365417832346,68.7247782771659,31.747987303938345,34.780824913003016,2.3163366317749023
cross-runner75,55.86261031018286,66.84153640643595,30.33520889023219,34.688974158023484,2.3163366317749023
runner-single,54.705579692019235,65.8616498765939,29.475225775705375,6.961631863960065,1.7860279083251953
